iso,node,model,revenue,runtime_seconds
ERCOT,7RNCHSLR_ALL,online_mpc_naive,2010.3625,9.177518129348755
ERCOT,7RNCHSLR_ALL,online_mpc_ridge,16321.599342585785,15.756512641906738
ERCOT,7RNCHSLR_ALL,online_quartile_p10,24055.07648026316,0.638390064239502
ERCOT,7RNCHSLR_ALL,online_quartile_p25,16864.530592105264,0.6437337398529053
ERCOT,7RNCHSLR_ALL,online_quartile_p45,17857.60855263158,0.6430840492248535
ERCOT,7RNCHSLR_ALL,oracle_lp,36417.42614765751,0.0969855785369873
ERCOT,AEEC,online_mpc_naive,7527.084868409251,9.21043062210083
ERCOT,AEEC,online_mpc_ridge,21847.441438860216,15.593313455581665
ERCOT,AEEC,online_quartile_p10,26111.708388157895,0.6613681316375732
ERCOT,AEEC,online_quartile_p25,24822.119407894737,0.6235959529876709
ERCOT,AEEC,online_quartile_p45,24489.96200657895,0.6301743984222412
ERCOT,AEEC,oracle_lp,45378.24769166751,0.10491037368774414
ERCOT,AGUAYO_UNIT1,online_mpc_naive,1974.47023026075,9.164133787155151
ERCOT,AGUAYO_UNIT1,online_mpc_ridge,15000.185362226146,15.582654476165771
ERCOT,AGUAYO_UNIT1,online_quartile_p10,25984.4375,0.6440637111663818
ERCOT,AGUAYO_UNIT1,online_quartile_p25,24279.273684210526,0.6563270092010498
ERCOT,AGUAYO_UNIT1,online_quartile_p45,26831.508552631578,0.6511788368225098
ERCOT,AGUAYO_UNIT1,oracle_lp,38255.69144753901,0.10125541687011719
ERCOT,AJAXWIND_RN,online_mpc_naive,2041.76809209575,9.194610357284546
ERCOT,AJAXWIND_RN,online_mpc_ridge,18191.146711766796,15.725728511810303
ERCOT,AJAXWIND_RN,online_quartile_p10,24567.743585526314,0.6398391723632812
ERCOT,AJAXWIND_RN,online_quartile_p25,19109.177631578947,0.625239372253418
ERCOT,AJAXWIND_RN,online_quartile_p45,16941.23585526316,0.6223576068878174
ERCOT,AJAXWIND_RN,oracle_lp,38116.100328530505,0.09354257583618164
ERCOT,ALGOD_ALL_RN,online_mpc_naive,2335.73125,9.185288906097412
ERCOT,ALGOD_ALL_RN,online_mpc_ridge,11736.188154975782,15.813894033432007
ERCOT,ALGOD_ALL_RN,online_quartile_p10,19925.956414473687,0.6285533905029297
ERCOT,ALGOD_ALL_RN,online_quartile_p25,17988.58059210526,0.6226539611816406
ERCOT,ALGOD_ALL_RN,online_quartile_p45,17277.90625,0.6458113193511963
ERCOT,ALGOD_ALL_RN,oracle_lp,37313.762992670505,0.1040036678314209
ERCOT,ALVIN_RN,online_mpc_naive,2010.0,9.17535924911499
ERCOT,ALVIN_RN,online_mpc_ridge,16626.83470975695,15.921614170074463
ERCOT,ALVIN_RN,online_quartile_p10,24663.177467105263,0.6451907157897949
ERCOT,ALVIN_RN,online_quartile_p25,14930.021217105263,0.6372008323669434
ERCOT,ALVIN_RN,online_quartile_p45,15908.700657894737,0.6368553638458252
ERCOT,ALVIN_RN,oracle_lp,36317.482562551755,0.09716463088989258
ERCOT,AMADEUS_ALL,online_mpc_naive,2110.50263156525,9.192903995513916
ERCOT,AMADEUS_ALL,online_mpc_ridge,18005.295238137158,15.966017723083496
ERCOT,AMADEUS_ALL,online_quartile_p10,25720.222697368423,0.6336040496826172
ERCOT,AMADEUS_ALL,online_quartile_p25,19905.02236842105,0.6318140029907227
ERCOT,AMADEUS_ALL,online_quartile_p45,19527.567269736843,0.6744914054870605
ERCOT,AMADEUS_ALL,oracle_lp,40246.49967087601,0.12043452262878418
ERCOT,AMISTAD_ALL,online_mpc_naive,4052.6937500000004,9.2371187210083
ERCOT,AMISTAD_ALL,online_mpc_ridge,58442.02694673775,15.867372512817383
ERCOT,AMISTAD_ALL,online_quartile_p10,39887.35855263158,0.6325936317443848
ERCOT,AMISTAD_ALL,online_quartile_p25,81484.38684210526,0.6326720714569092
ERCOT,AMISTAD_ALL,online_quartile_p45,77009.76496710526,0.6865463256835938
ERCOT,AMISTAD_ALL,oracle_lp,171898.6883305425,0.10430645942687988
ERCOT,AMOCOOIL_CC1,online_mpc_naive,2011.775,9.225776195526123
ERCOT,AMOCOOIL_CC1,online_mpc_ridge,16494.491281702427,15.923950433731079
ERCOT,AMOCOOIL_CC1,online_quartile_p10,24675.802467105263,0.6341218948364258
ERCOT,AMOCOOIL_CC1,online_quartile_p25,14914.583388157895,0.6281538009643555
ERCOT,AMOCOOIL_CC1,online_quartile_p45,15907.074835526315,0.6380484104156494
ERCOT,AMOCOOIL_CC1,oracle_lp,36335.804766234505,0.12412714958190918
ERCOT,AMOCOOIL_CC2,online_mpc_naive,2011.775,9.161729574203491
ERCOT,AMOCOOIL_CC2,online_mpc_ridge,16494.491281702427,16.087043285369873
ERCOT,AMOCOOIL_CC2,online_quartile_p10,24675.802467105263,0.6370000839233398
ERCOT,AMOCOOIL_CC2,online_quartile_p25,14914.583388157895,0.6749613285064697
ERCOT,AMOCOOIL_CC2,online_quartile_p45,15907.074835526315,0.6366493701934814
ERCOT,AMOCOOIL_CC2,oracle_lp,36335.804766234505,0.13705134391784668
ERCOT,AMOCO_PUN1,online_mpc_naive,2011.775,9.232738971710205
ERCOT,AMOCO_PUN1,online_mpc_ridge,16494.491281702427,15.968817710876465
ERCOT,AMOCO_PUN1,online_quartile_p10,24675.802467105263,0.6429488658905029
ERCOT,AMOCO_PUN1,online_quartile_p25,14914.583388157895,0.6373980045318604
ERCOT,AMOCO_PUN1,online_quartile_p45,15907.074835526315,0.6321699619293213
ERCOT,AMOCO_PUN1,oracle_lp,36335.804766234505,0.10606884956359863
ERCOT,AMOCO_PUN2,online_mpc_naive,2011.775,9.220711946487427
ERCOT,AMOCO_PUN2,online_mpc_ridge,16494.491281702427,16.073553323745728
ERCOT,AMOCO_PUN2,online_quartile_p10,24675.802467105263,0.6262917518615723
ERCOT,AMOCO_PUN2,online_quartile_p25,14914.583388157895,0.6209919452667236
ERCOT,AMOCO_PUN2,online_quartile_p45,15907.074835526315,0.6361434459686279
ERCOT,AMOCO_PUN2,oracle_lp,36335.804766234505,0.147216796875
ERCOT,AMO_AMOCO_1,online_mpc_naive,2011.775,9.291075468063354
ERCOT,AMO_AMOCO_1,online_mpc_ridge,16494.491281702427,16.051140308380127
ERCOT,AMO_AMOCO_1,online_quartile_p10,24675.802467105263,0.6321911811828613
ERCOT,AMO_AMOCO_1,online_quartile_p25,14914.583388157895,0.6700477600097656
ERCOT,AMO_AMOCO_1,online_quartile_p45,15907.074835526315,0.6244261264801025
ERCOT,AMO_AMOCO_1,oracle_lp,36335.804766234505,0.11100029945373535
ERCOT,AMO_AMOCO_2,online_mpc_naive,2011.775,9.306979179382324
ERCOT,AMO_AMOCO_2,online_mpc_ridge,16494.491281702427,16.162537813186646
ERCOT,AMO_AMOCO_2,online_quartile_p10,24675.802467105263,0.6651086807250977
ERCOT,AMO_AMOCO_2,online_quartile_p25,14914.583388157895,0.6909475326538086
ERCOT,AMO_AMOCO_2,online_quartile_p45,15907.074835526315,0.6544709205627441
ERCOT,AMO_AMOCO_2,oracle_lp,36335.804766234505,0.14624857902526855
ERCOT,AMO_AMOCO_5,online_mpc_naive,2011.775,9.27249789237976
ERCOT,AMO_AMOCO_5,online_mpc_ridge,16494.491281702427,16.20672869682312
ERCOT,AMO_AMOCO_5,online_quartile_p10,24675.802467105263,0.652982234954834
ERCOT,AMO_AMOCO_5,online_quartile_p25,14914.583388157895,0.6367082595825195
ERCOT,AMO_AMOCO_5,online_quartile_p45,15907.074835526315,0.6388149261474609
ERCOT,AMO_AMOCO_5,oracle_lp,36335.804766234505,0.14375948905944824
ERCOT,AMO_AMOCO_G1,online_mpc_naive,2011.775,9.284909725189209
ERCOT,AMO_AMOCO_G1,online_mpc_ridge,16494.491281702427,16.21012592315674
ERCOT,AMO_AMOCO_G1,online_quartile_p10,24675.802467105263,0.640362024307251
ERCOT,AMO_AMOCO_G1,online_quartile_p25,14914.583388157895,0.6453864574432373
ERCOT,AMO_AMOCO_G1,online_quartile_p45,15907.074835526315,0.6350421905517578
ERCOT,AMO_AMOCO_G1,oracle_lp,36335.804766234505,0.1497647762298584
ERCOT,AMO_AMOCO_G2,online_mpc_naive,2011.775,9.293888568878174
ERCOT,AMO_AMOCO_G2,online_mpc_ridge,16494.491281702427,16.313523054122925
ERCOT,AMO_AMOCO_G2,online_quartile_p10,24675.802467105263,0.628737211227417
ERCOT,AMO_AMOCO_G2,online_quartile_p25,14914.583388157895,0.6536295413970947
ERCOT,AMO_AMOCO_G2,online_quartile_p45,15907.074835526315,0.6560578346252441
ERCOT,AMO_AMOCO_G2,oracle_lp,36335.804766234505,0.13639211654663086
ERCOT,AMO_AMOCO_G3,online_mpc_naive,2011.775,9.376571416854858
ERCOT,AMO_AMOCO_G3,online_mpc_ridge,16494.491281702427,16.2596492767334
ERCOT,AMO_AMOCO_G3,online_quartile_p10,24675.802467105263,0.6235458850860596
ERCOT,AMO_AMOCO_G3,online_quartile_p25,14914.583388157895,0.6492581367492676
ERCOT,AMO_AMOCO_G3,online_quartile_p45,15907.074835526315,0.6414413452148438
ERCOT,AMO_AMOCO_G3,oracle_lp,36335.804766234505,0.14731717109680176
ERCOT,AMO_AMOCO_S1,online_mpc_naive,2011.775,9.42789340019226
ERCOT,AMO_AMOCO_S1,online_mpc_ridge,16494.491281702427,16.33658218383789
ERCOT,AMO_AMOCO_S1,online_quartile_p10,24675.802467105263,0.6299159526824951
ERCOT,AMO_AMOCO_S1,online_quartile_p25,14914.583388157895,0.6506509780883789
ERCOT,AMO_AMOCO_S1,online_quartile_p45,15907.074835526315,0.6353356838226318
ERCOT,AMO_AMOCO_S1,oracle_lp,36335.804766234505,0.15035581588745117
ERCOT,AMO_AMOCO_S2,online_mpc_naive,2011.775,9.464485883712769
ERCOT,AMO_AMOCO_S2,online_mpc_ridge,16494.491281702427,16.382944583892822
ERCOT,AMO_AMOCO_S2,online_quartile_p10,24675.802467105263,0.6476714611053467
ERCOT,AMO_AMOCO_S2,online_quartile_p25,14914.583388157895,0.6848547458648682
ERCOT,AMO_AMOCO_S2,online_quartile_p45,15907.074835526315,0.7048931121826172
ERCOT,AMO_AMOCO_S2,oracle_lp,36335.804766234505,0.15680241584777832
ERCOT,ANACACHO_ANA,online_mpc_naive,7634.403125000001,9.515290975570679
ERCOT,ANACACHO_ANA,online_mpc_ridge,35213.30409042131,16.53733253479004
ERCOT,ANACACHO_ANA,online_quartile_p10,41087.06414473684,0.6503326892852783
ERCOT,ANACACHO_ANA,online_quartile_p25,58835.97121710527,0.6688575744628906
ERCOT,ANACACHO_ANA,online_quartile_p45,56325.66546052631,0.6760094165802002
ERCOT,ANACACHO_ANA,oracle_lp,84322.81561748375,0.14394164085388184
ERCOT,ANCHOR_ALL,online_mpc_naive,2092.0009868305,9.53357458114624
ERCOT,ANCHOR_ALL,online_mpc_ridge,17960.98700810685,16.332767486572266
ERCOT,ANCHOR_ALL,online_quartile_p10,25663.87121710526,0.6065592765808105
ERCOT,ANCHOR_ALL,online_quartile_p25,19147.277631578945,0.6698448657989502
ERCOT,ANCHOR_ALL,online_quartile_p45,17381.178618421054,0.6819877624511719
ERCOT,ANCHOR_ALL,oracle_lp,38344.096051701505,0.14056038856506348
ERCOT,ANDMDSLR_ALL,online_mpc_naive,2118.49917761725,9.512426853179932
ERCOT,ANDMDSLR_ALL,online_mpc_ridge,18242.853789061664,16.388262033462524
ERCOT,ANDMDSLR_ALL,online_quartile_p10,25522.160361842103,0.6719570159912109
ERCOT,ANDMDSLR_ALL,online_quartile_p25,20158.480263157893,0.6812570095062256
ERCOT,ANDMDSLR_ALL,online_quartile_p45,20298.883717105266,0.6440262794494629
ERCOT,ANDMDSLR_ALL,oracle_lp,40748.740129649756,0.1689743995666504
ERCOT,ANG_ALL,online_mpc_naive,6380.103125,9.563479661941528
ERCOT,ANG_ALL,online_mpc_ridge,15600.400164174353,16.428373098373413
ERCOT,ANG_ALL,online_quartile_p10,30731.197368421053,0.638530969619751
ERCOT,ANG_ALL,online_quartile_p25,34472.953782894736,0.7200546264648438
ERCOT,ANG_ALL,online_quartile_p45,38400.43421052631,0.6670300960540771
ERCOT,ANG_ALL,oracle_lp,55665.40855343826,0.15430331230163574
ERCOT,ANSON1_ALL,online_mpc_naive,2099.70953946125,9.562469244003296
ERCOT,ANSON1_ALL,online_mpc_ridge,17600.6052563553,16.50581669807434
ERCOT,ANSON1_ALL,online_quartile_p10,26038.665296052633,0.7124760150909424
ERCOT,ANSON1_ALL,online_quartile_p25,20815.415789473685,0.6751227378845215
ERCOT,ANSON1_ALL,online_quartile_p45,22109.905921052632,0.7261550426483154
ERCOT,ANSON1_ALL,oracle_lp,40997.22730133301,0.16302180290222168
ERCOT,APPALOSA_ALL,online_mpc_naive,2615.171875,9.668717861175537
ERCOT,APPALOSA_ALL,online_mpc_ridge,94278.46298246391,16.46248769760132
ERCOT,APPALOSA_ALL,online_quartile_p10,95102.14802631579,0.6503970623016357
ERCOT,APPALOSA_ALL,online_quartile_p25,142227.43618421053,0.681342363357544
ERCOT,APPALOSA_ALL,online_quartile_p45,152172.57006578948,0.6870665550231934
ERCOT,APPALOSA_ALL,oracle_lp,279105.1564024815,0.16401076316833496
ERCOT,AQUI_ALL,online_mpc_naive,2032.81875,9.685536861419678
ERCOT,AQUI_ALL,online_mpc_ridge,18383.917433080416,16.59608006477356
ERCOT,AQUI_ALL,online_quartile_p10,24594.488322368423,0.6885507106781006
ERCOT,AQUI_ALL,online_quartile_p25,14336.232565789476,0.6679956912994385
ERCOT,AQUI_ALL,online_quartile_p45,15505.980592105265,0.6973094940185547
ERCOT,AQUI_ALL,oracle_lp,37092.96365137851,0.16899776458740234
ERCOT,ARAGORN_RN,online_mpc_naive,2179.265625,9.686452627182007
ERCOT,ARAGORN_RN,online_mpc_ridge,40583.18471581924,16.54371976852417
ERCOT,ARAGORN_RN,online_quartile_p10,31464.512664473685,0.6411724090576172
ERCOT,ARAGORN_RN,online_quartile_p25,55352.93667763158,0.6782402992248535
ERCOT,ARAGORN_RN,online_quartile_p45,61077.57269736842,0.6722526550292969
ERCOT,ARAGORN_RN,oracle_lp,94018.58881549852,0.17108416557312012
ERCOT,ASTRA_RN,online_mpc_naive,3597.5587170935,9.70744252204895
ERCOT,ASTRA_RN,online_mpc_ridge,18350.231079719942,16.50304651260376
ERCOT,ASTRA_RN,online_quartile_p10,24509.885690789473,0.698218584060669
ERCOT,ASTRA_RN,online_quartile_p25,22909.96496710526,0.7110381126403809
ERCOT,ASTRA_RN,online_quartile_p45,21189.76134868421,0.7209494113922119
ERCOT,ASTRA_RN,oracle_lp,41614.79062293749,0.17857050895690918
ERCOT,ATK_ATKINSG7,online_mpc_naive,2041.090625,9.748882532119751
ERCOT,ATK_ATKINSG7,online_mpc_ridge,17224.09030432808,16.450273036956787
ERCOT,ATK_ATKINSG7,online_quartile_p10,24606.734868421052,0.6457867622375488
ERCOT,ATK_ATKINSG7,online_quartile_p25,15434.074013157897,0.7091865539550781
ERCOT,ATK_ATKINSG7,online_quartile_p45,15891.93009868421,0.6815121173858643
ERCOT,ATK_ATKINSG7,oracle_lp,36610.236020764,0.18228554725646973
ERCOT,AUSTPL_ALL,online_mpc_naive,2044.5281249999998,9.867839574813843
ERCOT,AUSTPL_ALL,online_mpc_ridge,16933.318569043364,16.54423213005066
ERCOT,AUSTPL_ALL,online_quartile_p10,23926.542763157893,0.6530921459197998
ERCOT,AUSTPL_ALL,online_quartile_p25,18569.722861842107,0.6608166694641113
ERCOT,AUSTPL_ALL,online_quartile_p45,18283.765953947368,0.6772449016571045
ERCOT,AUSTPL_ALL,oracle_lp,36720.47138159526,0.18023037910461426
ERCOT,AVIAT_ALL,online_mpc_naive,2254.56480261275,9.873051404953003
ERCOT,AVIAT_ALL,online_mpc_ridge,16400.946219893885,16.55139946937561
ERCOT,AVIAT_ALL,online_quartile_p10,31098.825657894737,0.6450002193450928
ERCOT,AVIAT_ALL,online_quartile_p25,34598.52467105263,0.6629664897918701
ERCOT,AVIAT_ALL,online_quartile_p45,36183.10690789473,0.6707553863525391
ERCOT,AVIAT_ALL,oracle_lp,50752.31990144726,0.18129897117614746
ERCOT,AZURE_RN,online_mpc_naive,2097.01809209275,9.273094892501831
ERCOT,AZURE_RN,online_mpc_ridge,18421.44490712209,16.74532723426819
ERCOT,AZURE_RN,online_quartile_p10,25529.81167763158,0.6427652835845947
ERCOT,AZURE_RN,online_quartile_p25,19590.25115131579,0.6592810153961182
ERCOT,AZURE_RN,online_quartile_p45,18858.34605263158,0.66082763671875
ERCOT,AZURE_RN,oracle_lp,39415.75411138276,0.2929725646972656
ERCOT,AZ_ALL,online_mpc_naive,2015.815625,9.232311487197876
ERCOT,AZ_ALL,online_mpc_ridge,16599.36529464912,16.870267152786255
ERCOT,AZ_ALL,online_quartile_p10,24705.24325657895,0.644648551940918
ERCOT,AZ_ALL,online_quartile_p25,14894.941282894737,0.6349656581878662
ERCOT,AZ_ALL,online_quartile_p45,15819.160361842107,0.6531815528869629
ERCOT,AZ_ALL,oracle_lp,36381.47680670075,0.2761495113372803
ERCOT,BAC_RN_ALL,online_mpc_naive,2012.115625,9.203333139419556
ERCOT,BAC_RN_ALL,online_mpc_ridge,16501.38651196484,16.83528161048889
ERCOT,BAC_RN_ALL,online_quartile_p10,24677.970230263156,0.6489067077636719
ERCOT,BAC_RN_ALL,online_quartile_p25,14911.28125,0.6380784511566162
ERCOT,BAC_RN_ALL,online_quartile_p45,15948.735197368422,0.6199853420257568
ERCOT,BAC_RN_ALL,oracle_lp,36338.67302394126,0.2967989444732666
ERCOT,BAFFIN_ALL,online_mpc_naive,3551.92697364825,9.290885925292969
ERCOT,BAFFIN_ALL,online_mpc_ridge,9535.013816325565,16.82156014442444
ERCOT,BAFFIN_ALL,online_quartile_p10,20145.355263157893,0.632615327835083
ERCOT,BAFFIN_ALL,online_quartile_p25,20646.441282894735,0.6558401584625244
ERCOT,BAFFIN_ALL,online_quartile_p45,19120.416940789473,0.6357917785644531
ERCOT,BAFFIN_ALL,oracle_lp,40141.81282844425,0.2757713794708252
ERCOT,BAIRDWND_ALL,online_mpc_naive,2094.66759867225,9.24631142616272
ERCOT,BAIRDWND_ALL,online_mpc_ridge,18198.626315778783,16.862388372421265
ERCOT,BAIRDWND_ALL,online_quartile_p10,25885.84835526316,0.6371438503265381
ERCOT,BAIRDWND_ALL,online_quartile_p25,19443.63684210526,0.6569774150848389
ERCOT,BAIRDWND_ALL,online_quartile_p45,18581.807730263157,0.6781177520751953
ERCOT,BAIRDWND_ALL,oracle_lp,39136.16874856225,0.28989458084106445
ERCOT,BARROW_ALL,online_mpc_naive,2138.315625,9.304130554199219
ERCOT,BARROW_ALL,online_mpc_ridge,35985.88516287608,16.776257038116455
ERCOT,BARROW_ALL,online_quartile_p10,36971.31809210526,0.6358299255371094
ERCOT,BARROW_ALL,online_quartile_p25,54822.725,0.6462569236755371
ERCOT,BARROW_ALL,online_quartile_p45,56492.84851973684,0.6706538200378418
ERCOT,BARROW_ALL,oracle_lp,85111.3524662885,0.28894758224487305
ERCOT,BASTEN_CC1,online_mpc_naive,2043.425,9.270813941955566
ERCOT,BASTEN_CC1,online_mpc_ridge,16928.8572204105,16.748555183410645
ERCOT,BASTEN_CC1,online_quartile_p10,24110.47039473684,0.6664738655090332
ERCOT,BASTEN_CC1,online_quartile_p25,18646.014967105264,0.6774287223815918
ERCOT,BASTEN_CC1,online_quartile_p45,18281.015789473684,0.6681747436523438
ERCOT,BASTEN_CC1,oracle_lp,36782.352464167765,0.2766580581665039
ERCOT,BASTEN_CCU,online_mpc_naive,2043.425,9.309950828552246
ERCOT,BASTEN_CCU,online_mpc_ridge,16928.8572204105,16.740057706832886
ERCOT,BASTEN_CCU,online_quartile_p10,24110.47039473684,0.644970178604126
ERCOT,BASTEN_CCU,online_quartile_p25,18646.014967105264,0.6604876518249512
ERCOT,BASTEN_CCU,online_quartile_p45,18281.015789473684,0.6725420951843262
ERCOT,BASTEN_CCU,oracle_lp,36782.352464167765,0.28656601905822754
ERCOT,BATCAVE_RN,online_mpc_naive,2104.95,9.267252683639526
ERCOT,BATCAVE_RN,online_mpc_ridge,15855.597372612423,16.74063754081726
ERCOT,BATCAVE_RN,online_quartile_p10,41025.89144736842,0.6464722156524658
ERCOT,BATCAVE_RN,online_quartile_p25,40271.67944078947,0.6376183032989502
ERCOT,BATCAVE_RN,online_quartile_p45,37300.13815789473,0.6599612236022949
ERCOT,BATCAVE_RN,oracle_lp,54996.630427480755,0.28214263916015625
ERCOT,BAYC_BESS_RN,online_mpc_naive,2078.353125,9.395426750183105
ERCOT,BAYC_BESS_RN,online_mpc_ridge,15769.843095345128,16.793659925460815
ERCOT,BAYC_BESS_RN,online_quartile_p10,23374.61875,0.6559455394744873
ERCOT,BAYC_BESS_RN,online_quartile_p25,15103.64736842105,0.6634986400604248
ERCOT,BAYC_BESS_RN,online_quartile_p45,15480.817434210527,0.653756856918335
ERCOT,BAYC_BESS_RN,oracle_lp,36011.07269593775,0.28646254539489746
ERCOT,BBREEZE_1_2,online_mpc_naive,4733.20723679375,9.251921892166138
ERCOT,BBREEZE_1_2,online_mpc_ridge,9367.636516481385,16.790651559829712
ERCOT,BBREEZE_1_2,online_quartile_p10,21586.082236842107,0.6438226699829102
ERCOT,BBREEZE_1_2,online_quartile_p25,22557.76348684211,0.6960740089416504
ERCOT,BBREEZE_1_2,online_quartile_p45,20353.93667763158,0.6532766819000244
ERCOT,BBREEZE_1_2,oracle_lp,43090.01875072626,0.29151296615600586
ERCOT,BCATWD_WD_1,online_mpc_naive,1872.02269736775,9.319122314453125
ERCOT,BCATWD_WD_1,online_mpc_ridge,18081.914641516985,16.8564190864563
ERCOT,BCATWD_WD_1,online_quartile_p10,25102.245888157893,0.6145610809326172
ERCOT,BCATWD_WD_1,online_quartile_p25,18427.596710526315,0.6617364883422852
ERCOT,BCATWD_WD_1,online_quartile_p45,16422.46875,0.665916919708252
ERCOT,BCATWD_WD_1,oracle_lp,37591.56874919725,0.3020339012145996
ERCOT,BCH_RN,online_mpc_naive,2005.36875,9.365964889526367
ERCOT,BCH_RN,online_mpc_ridge,16547.2498386833,16.855899572372437
ERCOT,BCH_RN,online_quartile_p10,24626.703782894736,0.6346957683563232
ERCOT,BCH_RN,online_quartile_p25,14871.900657894737,0.6490962505340576
ERCOT,BCH_RN,online_quartile_p45,15871.70970394737,0.6808550357818604
ERCOT,BCH_RN,oracle_lp,36284.754935339006,0.29282259941101074
ERCOT,BCK_RN,online_mpc_naive,2006.575,9.373914003372192
ERCOT,BCK_RN,online_mpc_ridge,16549.100825523783,16.95049500465393
ERCOT,BCK_RN,online_quartile_p10,24630.147861842102,0.6592435836791992
ERCOT,BCK_RN,online_quartile_p25,14882.295394736842,0.6632628440856934
ERCOT,BCK_RN,online_quartile_p45,15843.342105263158,0.6875104904174805
ERCOT,BCK_RN,oracle_lp,36293.250493719,0.2842559814453125
ERCOT,BIGSTAR_ALL,online_mpc_naive,2037.6875,9.412304639816284
ERCOT,BIGSTAR_ALL,online_mpc_ridge,16738.9009869983,16.666627407073975
ERCOT,BIGSTAR_ALL,online_quartile_p10,24083.0625,0.6410343647003174
ERCOT,BIGSTAR_ALL,online_quartile_p25,18243.18075657895,0.6672532558441162
ERCOT,BIGSTAR_ALL,online_quartile_p45,18123.296875,0.6381170749664307
ERCOT,BIGSTAR_ALL,oracle_lp,36718.01545617276,0.3193385601043701
ERCOT,BLACKJAK_RN,online_mpc_naive,2142.559375,9.360726833343506
ERCOT,BLACKJAK_RN,online_mpc_ridge,12874.04358614863,16.70459771156311
ERCOT,BLACKJAK_RN,online_quartile_p10,19386.09375,0.6494953632354736
ERCOT,BLACKJAK_RN,online_quartile_p25,16619.52615131579,0.6691243648529053
ERCOT,BLACKJAK_RN,online_quartile_p45,16517.136513157893,0.6758904457092285
ERCOT,BLACKJAK_RN,oracle_lp,36748.716282114256,0.2847330570220947
ERCOT,BLSMT1_5_A_6,online_mpc_naive,2060.64572367375,9.389708042144775
ERCOT,BLSMT1_5_A_6,online_mpc_ridge,18332.82779208523,16.67534375190735
ERCOT,BLSMT1_5_A_6,online_quartile_p10,24410.370230263157,0.6637802124023438
ERCOT,BLSMT1_5_A_6,online_quartile_p25,19478.44950657895,0.6604132652282715
ERCOT,BLSMT1_5_A_6,online_quartile_p45,17472.729111842105,0.6537144184112549
ERCOT,BLSMT1_5_A_6,oracle_lp,38506.61644475875,0.31374692916870117
ERCOT,BLUEJAY_RN,online_mpc_naive,2040.265625,9.41856336593628
ERCOT,BLUEJAY_RN,online_mpc_ridge,17225.045238565042,16.745781421661377
ERCOT,BLUEJAY_RN,online_quartile_p10,24604.373026315792,0.6683638095855713
ERCOT,BLUEJAY_RN,online_quartile_p25,15245.505427631579,0.6738748550415039
ERCOT,BLUEJAY_RN,online_quartile_p45,15799.622532894737,0.6621224880218506
ERCOT,BLUEJAY_RN,oracle_lp,36605.11940862401,0.27661800384521484
ERCOT,BOARDCRK_ALL,online_mpc_naive,2028.85625,9.45552396774292
ERCOT,BOARDCRK_ALL,online_mpc_ridge,18561.608214981516,16.777549028396606
ERCOT,BOARDCRK_ALL,online_quartile_p10,24556.966940789476,0.6652333736419678
ERCOT,BOARDCRK_ALL,online_quartile_p25,14036.868421052632,0.6910073757171631
ERCOT,BOARDCRK_ALL,online_quartile_p45,15500.745065789473,0.6998319625854492
ERCOT,BOARDCRK_ALL,oracle_lp,37036.614638221006,0.3375895023345947
ERCOT,BOOTLEG_UN1,online_mpc_naive,2134.0375,9.474429845809937
ERCOT,BOOTLEG_UN1,online_mpc_ridge,44055.78666104458,16.600412368774414
ERCOT,BOOTLEG_UN1,online_quartile_p10,33239.69342105263,0.6505591869354248
ERCOT,BOOTLEG_UN1,online_quartile_p25,56773.397697368426,0.686514139175415
ERCOT,BOOTLEG_UN1,online_quartile_p45,66348.89802631579,0.6637599468231201
ERCOT,BOOTLEG_UN1,oracle_lp,106717.53534995776,0.31673288345336914
ERCOT,BORDAS_345,online_mpc_naive,9153.455920923749,9.693063497543335
ERCOT,BORDAS_345,online_mpc_ridge,9108.766946056014,16.661329746246338
ERCOT,BORDAS_345,online_quartile_p10,29422.559210526313,0.6681513786315918
ERCOT,BORDAS_345,online_quartile_p25,32129.807894736845,0.6824090480804443
ERCOT,BORDAS_345,online_quartile_p45,27131.140625,0.7056119441986084
ERCOT,BORDAS_345,oracle_lp,54049.0531260165,0.2889242172241211
ERCOT,BOSQUESW_CC1,online_mpc_naive,2043.0625,9.593152284622192
ERCOT,BOSQUESW_CC1,online_mpc_ridge,17955.220886375922,16.75299072265625
ERCOT,BOSQUESW_CC1,online_quartile_p10,23611.751151315788,0.6720521450042725
ERCOT,BOSQUESW_CC1,online_quartile_p25,15961.649671052632,0.6615824699401855
ERCOT,BOSQUESW_CC1,online_quartile_p45,15314.589144736843,0.651611328125
ERCOT,BOSQUESW_CC1,oracle_lp,36788.04539310325,0.27527570724487305
ERCOT,BOSQUESW_CC2,online_mpc_naive,2046.84375,9.65317153930664
ERCOT,BOSQUESW_CC2,online_mpc_ridge,17969.211675285642,16.772051095962524
ERCOT,BOSQUESW_CC2,online_quartile_p10,23577.888322368424,0.6681742668151855
ERCOT,BOSQUESW_CC2,online_quartile_p25,15565.428618421054,0.6826527118682861
ERCOT,BOSQUESW_CC2,online_quartile_p45,15310.042105263157,0.687415599822998
ERCOT,BOSQUESW_CC2,oracle_lp,36815.45920948076,0.2869226932525635
ERCOT,BOSQ_BSQSU_5,online_mpc_naive,2046.84375,9.753761053085327
ERCOT,BOSQ_BSQSU_5,online_mpc_ridge,17969.211675285642,16.69953441619873
ERCOT,BOSQ_BSQSU_5,online_quartile_p10,23577.888322368424,0.6898565292358398
ERCOT,BOSQ_BSQSU_5,online_quartile_p25,15565.428618421054,0.6932377815246582
ERCOT,BOSQ_BSQSU_5,online_quartile_p45,15310.042105263157,0.6948354244232178
ERCOT,BOSQ_BSQSU_5,oracle_lp,36815.45920948076,0.27025747299194336
ERCOT,BOSQ_BSQS_12,online_mpc_naive,2046.84375,9.760507106781006
ERCOT,BOSQ_BSQS_12,online_mpc_ridge,17969.211675285642,16.652400255203247
ERCOT,BOSQ_BSQS_12,online_quartile_p10,23577.888322368424,0.6714637279510498
ERCOT,BOSQ_BSQS_12,online_quartile_p25,15565.428618421054,0.7002837657928467
ERCOT,BOSQ_BSQS_12,online_quartile_p45,15310.042105263157,0.7039570808410645
ERCOT,BOSQ_BSQS_12,oracle_lp,36815.45920948076,0.28528499603271484
ERCOT,BOSQ_BSQS_34,online_mpc_naive,2043.0625,9.849124431610107
ERCOT,BOSQ_BSQS_34,online_mpc_ridge,17955.220886375922,16.785287380218506
ERCOT,BOSQ_BSQS_34,online_quartile_p10,23611.751151315788,0.689225435256958
ERCOT,BOSQ_BSQS_34,online_quartile_p25,15961.649671052632,0.7128169536590576
ERCOT,BOSQ_BSQS_34,online_quartile_p45,15314.589144736843,0.7149310111999512
ERCOT,BOSQ_BSQS_34,oracle_lp,36788.04539310325,0.27245187759399414
ERCOT,BRANDON_RN,online_mpc_naive,2040.399342098,9.750999689102173
ERCOT,BRANDON_RN,online_mpc_ridge,18440.93255505265,16.89574956893921
ERCOT,BRANDON_RN,online_quartile_p10,34463.329605263156,0.6875355243682861
ERCOT,BRANDON_RN,online_quartile_p25,24709.178125,0.7062108516693115
ERCOT,BRANDON_RN,online_quartile_p45,23725.011842105265,0.6927664279937744
ERCOT,BRANDON_RN,oracle_lp,51938.30658112476,0.26426219940185547
ERCOT,BRAUNIG_CC1,online_mpc_naive,4968.5375,9.86699104309082
ERCOT,BRAUNIG_CC1,online_mpc_ridge,21410.336678023756,16.76568078994751
ERCOT,BRAUNIG_CC1,online_quartile_p10,25575.478289473685,0.7337391376495361
ERCOT,BRAUNIG_CC1,online_quartile_p25,21894.496217105265,0.6988620758056641
ERCOT,BRAUNIG_CC1,online_quartile_p45,21262.696710526317,0.6905643939971924
ERCOT,BRAUNIG_CC1,oracle_lp,39468.28832124226,0.28038883209228516
ERCOT,BRAUNIG_VHB1,online_mpc_naive,2085.096875,9.90366792678833
ERCOT,BRAUNIG_VHB1,online_mpc_ridge,16778.64490384407,16.810100078582764
ERCOT,BRAUNIG_VHB1,online_quartile_p10,24809.024342105266,0.7118606567382812
ERCOT,BRAUNIG_VHB1,online_quartile_p25,18783.585361842106,0.7106738090515137
ERCOT,BRAUNIG_VHB1,online_quartile_p45,19967.899013157898,0.7040088176727295
ERCOT,BRAUNIG_VHB1,oracle_lp,37972.47960358577,0.2867624759674072
ERCOT,BRAUNIG_VHB2,online_mpc_naive,2085.096875,10.027852296829224
ERCOT,BRAUNIG_VHB2,online_mpc_ridge,16778.64490384407,16.74377179145813
ERCOT,BRAUNIG_VHB2,online_quartile_p10,24809.024342105266,0.6702780723571777
ERCOT,BRAUNIG_VHB2,online_quartile_p25,18783.585361842106,0.6825077533721924
ERCOT,BRAUNIG_VHB2,online_quartile_p45,19967.899013157898,0.6992533206939697
ERCOT,BRAUNIG_VHB2,oracle_lp,37972.47960358577,0.2805604934692383
ERCOT,BRAUNIG_VHB3,online_mpc_naive,2085.096875,9.946778297424316
ERCOT,BRAUNIG_VHB3,online_mpc_ridge,16778.64490384407,16.788330793380737
ERCOT,BRAUNIG_VHB3,online_quartile_p10,24809.024342105266,0.6909217834472656
ERCOT,BRAUNIG_VHB3,online_quartile_p25,18783.585361842106,0.7060205936431885
ERCOT,BRAUNIG_VHB3,online_quartile_p45,19967.899013157898,0.7027058601379395
ERCOT,BRAUNIG_VHB3,oracle_lp,37972.47960358577,0.26137447357177734
ERCOT,BRAZ_WND_ALL,online_mpc_naive,2470.2536183755,9.9865562915802
ERCOT,BRAZ_WND_ALL,online_mpc_ridge,18542.527634366597,16.7988178730011
ERCOT,BRAZ_WND_ALL,online_quartile_p10,27846.354111842105,0.712334394454956
ERCOT,BRAZ_WND_ALL,online_quartile_p25,20656.52763157895,0.7181777954101562
ERCOT,BRAZ_WND_ALL,online_quartile_p45,20916.89309210526,0.7220644950866699
ERCOT,BRAZ_WND_ALL,oracle_lp,46864.38783058851,0.2496955394744873
ERCOT,BRA_AVR1_CT2,online_mpc_naive,4968.5375,9.20105242729187
ERCOT,BRA_AVR1_CT2,online_mpc_ridge,21410.336678023756,16.946449518203735
ERCOT,BRA_AVR1_CT2,online_quartile_p10,25575.478289473685,0.6631417274475098
ERCOT,BRA_AVR1_CT2,online_quartile_p25,21894.496217105265,0.6578459739685059
ERCOT,BRA_AVR1_CT2,online_quartile_p45,21262.696710526317,0.6616005897521973
ERCOT,BRA_AVR1_CT2,oracle_lp,39468.28832124226,0.20549440383911133
ERCOT,BRA_AVR_CST1,online_mpc_naive,4968.5375,9.271793127059937
ERCOT,BRA_AVR_CST1,online_mpc_ridge,21410.336678023756,16.812657594680786
ERCOT,BRA_AVR_CST1,online_quartile_p10,25575.478289473685,0.6319637298583984
ERCOT,BRA_AVR_CST1,online_quartile_p25,21894.496217105265,0.6199309825897217
ERCOT,BRA_AVR_CST1,online_quartile_p45,21262.696710526317,0.6441347599029541
ERCOT,BRA_AVR_CST1,oracle_lp,39468.28832124226,0.19805908203125
ERCOT,BRHEIGHT_RN,online_mpc_naive,2011.715625,9.273691177368164
ERCOT,BRHEIGHT_RN,online_mpc_ridge,16493.72795933118,16.90109372138977
ERCOT,BRHEIGHT_RN,online_quartile_p10,24675.437335526316,0.6436264514923096
ERCOT,BRHEIGHT_RN,online_quartile_p25,14915.145888157895,0.6481120586395264
ERCOT,BRHEIGHT_RN,online_quartile_p45,15907.308388157895,0.66153883934021
ERCOT,BRHEIGHT_RN,oracle_lp,36335.529766234504,0.1795976161956787
ERCOT,BRIGHTSD_RN,online_mpc_naive,2074.034375,9.35662293434143
ERCOT,BRIGHTSD_RN,online_mpc_ridge,15028.635353757818,16.945760250091553
ERCOT,BRIGHTSD_RN,online_quartile_p10,22092.314967105263,0.6469738483428955
ERCOT,BRIGHTSD_RN,online_quartile_p25,16421.30592105263,0.6522793769836426
ERCOT,BRIGHTSD_RN,online_quartile_p45,16557.67861842105,0.6502795219421387
ERCOT,BRIGHTSD_RN,oracle_lp,36330.521052097756,0.19242024421691895
ERCOT,BRIGHTSD_U1,online_mpc_naive,2056.775,9.216288805007935
ERCOT,BRIGHTSD_U1,online_mpc_ridge,14999.819070803362,16.958420991897583
ERCOT,BRIGHTSD_U1,online_quartile_p10,21658.337993421053,0.6393206119537354
ERCOT,BRIGHTSD_U1,online_quartile_p25,16331.458223684209,0.6239666938781738
ERCOT,BRIGHTSD_U1,online_quartile_p45,16543.107894736844,0.664740800857544
ERCOT,BRIGHTSD_U1,oracle_lp,36280.81496689125,0.19490504264831543
ERCOT,BRISCOE_WIND,online_mpc_naive,3130.62302630375,9.269176959991455
ERCOT,BRISCOE_WIND,online_mpc_ridge,18234.433215085577,17.016393184661865
ERCOT,BRISCOE_WIND,online_quartile_p10,24659.86990131579,0.644829511642456
ERCOT,BRISCOE_WIND,online_quartile_p25,22324.901315789473,0.6541695594787598
ERCOT,BRISCOE_WIND,online_quartile_p45,20601.92861842105,0.6724731922149658
ERCOT,BRISCOE_WIND,oracle_lp,40961.957561002,0.17119216918945312
ERCOT,BRPANGLE_RN,online_mpc_naive,2003.39375,9.324969291687012
ERCOT,BRPANGLE_RN,online_mpc_ridge,16586.625825649186,17.009679079055786
ERCOT,BRPANGLE_RN,online_quartile_p10,24616.10509868421,0.634575605392456
ERCOT,BRPANGLE_RN,online_quartile_p25,14849.040625000001,0.6580228805541992
ERCOT,BRPANGLE_RN,online_quartile_p45,15932.620065789473,0.6750874519348145
ERCOT,BRPANGLE_RN,oracle_lp,36274.34144845775,0.1760869026184082
ERCOT,BRPMAGNO_RN,online_mpc_naive,2011.23125,9.219978094100952
ERCOT,BRPMAGNO_RN,online_mpc_ridge,16484.055590907323,17.01141095161438
ERCOT,BRPMAGNO_RN,online_quartile_p10,24672.236677631576,0.6305112838745117
ERCOT,BRPMAGNO_RN,online_quartile_p25,14917.80279605263,0.6606440544128418
ERCOT,BRPMAGNO_RN,online_quartile_p45,15880.191611842105,0.6065142154693604
ERCOT,BRPMAGNO_RN,oracle_lp,36331.49062149925,0.18067145347595215
ERCOT,BRP_BRAZ_RN,online_mpc_naive,2003.45625,9.23342490196228
ERCOT,BRP_BRAZ_RN,online_mpc_ridge,16589.124674332954,16.973093509674072
ERCOT,BRP_BRAZ_RN,online_quartile_p10,24616.60509868421,0.6218206882476807
ERCOT,BRP_BRAZ_RN,online_quartile_p25,14847.290625000001,0.6721656322479248
ERCOT,BRP_BRAZ_RN,online_quartile_p45,15895.412006578947,0.6653358936309814
ERCOT,BRP_BRAZ_RN,oracle_lp,36274.565297142755,0.17784953117370605
ERCOT,BRP_DIKN_RN,online_mpc_naive,2011.65625,9.365621566772461
ERCOT,BRP_DIKN_RN,online_mpc_ridge,16491.194900120674,17.013224363327026
ERCOT,BRP_DIKN_RN,online_quartile_p10,24674.707072368423,0.6298913955688477
ERCOT,BRP_DIKN_RN,online_quartile_p25,14916.280263157896,0.6694238185882568
ERCOT,BRP_DIKN_RN,online_quartile_p45,15905.78289473684,0.6002154350280762
ERCOT,BRP_DIKN_RN,oracle_lp,36334.371542552006,0.1981334686279297
ERCOT,BRP_LOOP_RN,online_mpc_naive,2087.475,9.250774621963501
ERCOT,BRP_LOOP_RN,online_mpc_ridge,15059.040946074952,16.94301748275757
ERCOT,BRP_LOOP_RN,online_quartile_p10,21091.96710526316,0.6386775970458984
ERCOT,BRP_LOOP_RN,online_quartile_p25,15637.249342105264,0.6689348220825195
ERCOT,BRP_LOOP_RN,online_quartile_p45,15829.25,0.6446712017059326
ERCOT,BRP_LOOP_RN,oracle_lp,35965.84638371476,0.18873286247253418
ERCOT,BRP_LOP1_RN,online_mpc_naive,9041.2199012985,9.356505632400513
ERCOT,BRP_LOP1_RN,online_mpc_ridge,7832.282570904758,17.09441351890564
ERCOT,BRP_LOP1_RN,online_quartile_p10,27601.809210526317,0.675100564956665
ERCOT,BRP_LOP1_RN,online_quartile_p25,30849.743749999998,0.6520004272460938
ERCOT,BRP_LOP1_RN,online_quartile_p45,26731.852796052633,0.6066703796386719
ERCOT,BRP_LOP1_RN,oracle_lp,52219.82138533026,0.17777609825134277
ERCOT,BRP_PBL1_RN,online_mpc_naive,11906.58125,9.371862411499023
ERCOT,BRP_PBL1_RN,online_mpc_ridge,44830.334193615796,17.022659063339233
ERCOT,BRP_PBL1_RN,online_quartile_p10,57092.240625,0.6418275833129883
ERCOT,BRP_PBL1_RN,online_quartile_p25,75414.5113486842,0.6339609622955322
ERCOT,BRP_PBL1_RN,online_quartile_p45,69736.25345394737,0.5435891151428223
ERCOT,BRP_PBL1_RN,oracle_lp,108405.53963416001,0.18819427490234375
ERCOT,BRP_PBL2_RN,online_mpc_naive,11906.58125,9.387537479400635
ERCOT,BRP_PBL2_RN,online_mpc_ridge,44830.334193615796,17.004627466201782
ERCOT,BRP_PBL2_RN,online_quartile_p10,57092.240625,0.644627571105957
ERCOT,BRP_PBL2_RN,online_quartile_p25,75414.5113486842,0.6477227210998535
ERCOT,BRP_PBL2_RN,online_quartile_p45,69736.25345394737,0.5881679058074951
ERCOT,BRP_PBL2_RN,oracle_lp,108405.53963416001,0.19861650466918945
ERCOT,BRP_RN_UNIT1,online_mpc_naive,2086.83125,9.46369481086731
ERCOT,BRP_RN_UNIT1,online_mpc_ridge,16454.63190722126,16.895921230316162
ERCOT,BRP_RN_UNIT1,online_quartile_p10,25602.335526315786,0.6392207145690918
ERCOT,BRP_RN_UNIT1,online_quartile_p25,27156.641282894736,0.6237740516662598
ERCOT,BRP_RN_UNIT1,online_quartile_p45,26995.238486842107,0.6042234897613525
ERCOT,BRP_RN_UNIT1,oracle_lp,38763.52730205851,0.18282842636108398
ERCOT,BRP_SEMI_RN,online_mpc_naive,2011.03125,9.489269733428955
ERCOT,BRP_SEMI_RN,online_mpc_ridge,16477.765788276178,16.947365045547485
ERCOT,BRP_SEMI_RN,online_quartile_p10,24670.078782894736,0.6516554355621338
ERCOT,BRP_SEMI_RN,online_quartile_p25,14920.374671052632,0.6106853485107422
ERCOT,BRP_SEMI_RN,online_quartile_p45,15880.827302631578,0.5734808444976807
ERCOT,BRP_SEMI_RN,oracle_lp,36328.239963604254,0.18595242500305176
ERCOT,BRP_SWNY_RN,online_mpc_naive,2003.578125,9.507920980453491
ERCOT,BRP_SWNY_RN,online_mpc_ridge,16590.76266775244,16.917717456817627
ERCOT,BRP_SWNY_RN,online_quartile_p10,24616.950493421056,0.6346991062164307
ERCOT,BRP_SWNY_RN,online_quartile_p25,14845.90625,0.6146082878112793
ERCOT,BRP_SWNY_RN,online_quartile_p45,15894.879111842105,0.5671703815460205
ERCOT,BRP_SWNY_RN,oracle_lp,36274.680922142754,0.18323135375976562
ERCOT,BRP_ZPT1_RN,online_mpc_naive,10634.008059179501,9.408369302749634
ERCOT,BRP_ZPT1_RN,online_mpc_ridge,7573.791284318955,17.052319526672363
ERCOT,BRP_ZPT1_RN,online_quartile_p10,30036.651315789473,0.638314962387085
ERCOT,BRP_ZPT1_RN,online_quartile_p25,33008.8572368421,0.5712387561798096
ERCOT,BRP_ZPT1_RN,online_quartile_p45,28803.690789473687,0.5193548202514648
ERCOT,BRP_ZPT1_RN,oracle_lp,57179.86069015025,0.1778244972229004
ERCOT,BRP_ZPT2_RN,online_mpc_naive,10634.008059179501,9.590713024139404
ERCOT,BRP_ZPT2_RN,online_mpc_ridge,7573.791284318955,16.917520761489868
ERCOT,BRP_ZPT2_RN,online_quartile_p10,30036.651315789473,0.5834221839904785
ERCOT,BRP_ZPT2_RN,online_quartile_p25,33008.8572368421,0.4594082832336426
ERCOT,BRP_ZPT2_RN,online_quartile_p45,28803.690789473687,0.4651064872741699
ERCOT,BRP_ZPT2_RN,oracle_lp,57179.86069015025,0.19681143760681152
ERCOT,BRTSW_BCW1,online_mpc_naive,1987.76875,9.630642414093018
ERCOT,BRTSW_BCW1,online_mpc_ridge,18187.9190841541,16.92658019065857
ERCOT,BRTSW_BCW1,online_quartile_p10,23361.94769736842,0.5705406665802002
ERCOT,BRTSW_BCW1,online_quartile_p25,16964.22154605263,0.5274393558502197
ERCOT,BRTSW_BCW1,online_quartile_p45,15644.058059210529,0.41103243827819824
ERCOT,BRTSW_BCW1,oracle_lp,37100.39111798376,0.1806807518005371
ERCOT,BR_ARROW_ALL,online_mpc_naive,2035.928125,9.541415929794312
ERCOT,BR_ARROW_ALL,online_mpc_ridge,18746.798024666165,16.944754600524902
ERCOT,BR_ARROW_ALL,online_quartile_p10,24767.637664473685,0.5106348991394043
ERCOT,BR_ARROW_ALL,online_quartile_p25,14831.770230263159,0.5061178207397461
ERCOT,BR_ARROW_ALL,online_quartile_p45,15661.417763157893,0.3881704807281494
ERCOT,BR_ARROW_ALL,oracle_lp,37422.14457069575,0.1876680850982666
ERCOT,BR_VHB6CT5_6,online_mpc_naive,2082.14375,9.51094126701355
ERCOT,BR_VHB6CT5_6,online_mpc_ridge,17323.772198032264,17.030802965164185
ERCOT,BR_VHB6CT5_6,online_quartile_p10,24769.00460526316,0.5305354595184326
ERCOT,BR_VHB6CT5_6,online_quartile_p25,18373.593914473684,0.44799184799194336
ERCOT,BR_VHB6CT5_6,online_quartile_p45,19898.793421052633,0.3857991695404053
ERCOT,BR_VHB6CT5_6,oracle_lp,37892.10641463727,0.19854021072387695
ERCOT,BR_VHB6CT7_8,online_mpc_naive,2082.14375,9.504586219787598
ERCOT,BR_VHB6CT7_8,online_mpc_ridge,17323.772198032264,16.899251699447632
ERCOT,BR_VHB6CT7_8,online_quartile_p10,24769.00460526316,0.5685141086578369
ERCOT,BR_VHB6CT7_8,online_quartile_p25,18373.593914473684,0.471097469329834
ERCOT,BR_VHB6CT7_8,online_quartile_p45,19898.793421052633,0.509655237197876
ERCOT,BR_VHB6CT7_8,oracle_lp,37892.10641463727,0.1772627830505371
ERCOT,BSS_U1,online_mpc_naive,2003.64375,9.50452208518982
ERCOT,BSS_U1,online_mpc_ridge,16591.447042753705,16.775949001312256
ERCOT,BSS_U1,online_quartile_p10,24617.397861842102,0.5217134952545166
ERCOT,BSS_U1,online_quartile_p25,14844.90625,0.5375106334686279
ERCOT,BSS_U1,online_quartile_p45,15894.263980263158,0.44351959228515625
ERCOT,BSS_U1,oracle_lp,36274.243422142754,0.18616533279418945
ERCOT,BTE_BTE_G1,online_mpc_naive,2016.8,9.48649787902832
ERCOT,BTE_BTE_G1,online_mpc_ridge,16620.582399272993,17.042399883270264
ERCOT,BTE_BTE_G1,online_quartile_p10,24707.861677631576,0.47225427627563477
ERCOT,BTE_BTE_G1,online_quartile_p25,14900.000986842106,0.4233675003051758
ERCOT,BTE_BTE_G1,online_quartile_p45,15836.34292763158,0.36048269271850586
ERCOT,BTE_BTE_G1,oracle_lp,36384.019241026755,0.17855548858642578
ERCOT,BTE_BTE_G2,online_mpc_naive,2016.8,9.458367586135864
ERCOT,BTE_BTE_G2,online_mpc_ridge,16620.582399272993,16.89168691635132
ERCOT,BTE_BTE_G2,online_quartile_p10,24707.861677631576,0.4626898765563965
ERCOT,BTE_BTE_G2,online_quartile_p25,14900.000986842106,0.37421321868896484
ERCOT,BTE_BTE_G2,online_quartile_p45,15836.34292763158,0.3505382537841797
ERCOT,BTE_BTE_G2,oracle_lp,36384.019241026755,0.18730401992797852
ERCOT,BTE_BTE_G3,online_mpc_naive,2016.8,9.463715314865112
ERCOT,BTE_BTE_G3,online_mpc_ridge,16620.582399272993,16.819236993789673
ERCOT,BTE_BTE_G3,online_quartile_p10,24707.861677631576,0.4224891662597656
ERCOT,BTE_BTE_G3,online_quartile_p25,14900.000986842106,0.3915233612060547
ERCOT,BTE_BTE_G3,online_quartile_p45,15836.34292763158,0.33710813522338867
ERCOT,BTE_BTE_G3,oracle_lp,36384.019241026755,0.17531776428222656
ERCOT,BTE_BTE_G4,online_mpc_naive,2016.8,9.453084945678711
ERCOT,BTE_BTE_G4,online_mpc_ridge,16620.582399272993,16.96960973739624
ERCOT,BTE_BTE_G4,online_quartile_p10,24707.861677631576,0.44838404655456543
ERCOT,BTE_BTE_G4,online_quartile_p25,14900.000986842106,0.3989131450653076
ERCOT,BTE_BTE_G4,online_quartile_p45,15836.34292763158,0.35393857955932617
ERCOT,BTE_BTE_G4,oracle_lp,36384.019241026755,0.17957401275634766
ERCOT,BTE_CC1,online_mpc_naive,2016.8,9.398581981658936
ERCOT,BTE_CC1,online_mpc_ridge,16620.582399272993,16.944516897201538
ERCOT,BTE_CC1,online_quartile_p10,24707.861677631576,0.4064614772796631
ERCOT,BTE_CC1,online_quartile_p25,14900.000986842106,0.36380672454833984
ERCOT,BTE_CC1,online_quartile_p45,15836.34292763158,0.33788633346557617
ERCOT,BTE_CC1,oracle_lp,36384.019241026755,0.1811227798461914
ERCOT,BTE_PUN1,online_mpc_naive,2016.8,9.394030570983887
ERCOT,BTE_PUN1,online_mpc_ridge,16620.582399272993,16.880885362625122
ERCOT,BTE_PUN1,online_quartile_p10,24707.861677631576,0.39748430252075195
ERCOT,BTE_PUN1,online_quartile_p25,14900.000986842106,0.36429286003112793
ERCOT,BTE_PUN1,online_quartile_p45,15836.34292763158,0.3490021228790283
ERCOT,BTE_PUN1,oracle_lp,36384.019241026755,0.17423295974731445
ERCOT,BTE_PUN2,online_mpc_naive,2016.8,9.412612676620483
ERCOT,BTE_PUN2,online_mpc_ridge,16620.582399272993,16.80284857749939
ERCOT,BTE_PUN2,online_quartile_p10,24707.861677631576,0.3850550651550293
ERCOT,BTE_PUN2,online_quartile_p25,14900.000986842106,0.3557167053222656
ERCOT,BTE_PUN2,online_quartile_p45,15836.34292763158,0.3506455421447754
ERCOT,BTE_PUN2,oracle_lp,36384.019241026755,0.1840052604675293
ERCOT,BTM_ALL,online_mpc_naive,2007.584375,9.243646621704102
ERCOT,BTM_ALL,online_mpc_ridge,16597.936351983797,16.944541931152344
ERCOT,BTM_ALL,online_quartile_p10,24648.54259868421,0.3700227737426758
ERCOT,BTM_ALL,online_quartile_p25,14916.972697368421,0.3239600658416748
ERCOT,BTM_ALL,online_quartile_p45,15896.902138157895,0.32308077812194824
ERCOT,BTM_ALL,oracle_lp,36301.34341782176,0.18117117881774902
ERCOT,BUCHAN_ALL,online_mpc_naive,2027.26875,6.416319370269775
ERCOT,BUCHAN_ALL,online_mpc_ridge,16454.94112039733,10.48323130607605
ERCOT,BUCHAN_ALL,online_quartile_p10,23777.651315789473,0.3399627208709717
ERCOT,BUCHAN_ALL,online_quartile_p25,22674.72039473684,0.3119833469390869
ERCOT,BUCHAN_ALL,online_quartile_p45,23393.515460526316,0.3359038829803467
ERCOT,BUCHAN_ALL,oracle_lp,36831.551153625755,0.18982577323913574
ERCOT,BUCKTHRN_RN,online_mpc_naive,2054.440625,7.055260181427002
ERCOT,BUCKTHRN_RN,online_mpc_ridge,18473.084368751348,10.940458059310913
ERCOT,BUCKTHRN_RN,online_quartile_p10,23650.816611842107,0.3067910671234131
ERCOT,BUCKTHRN_RN,online_quartile_p25,17408.454111842104,0.30780696868896484
ERCOT,BUCKTHRN_RN,online_quartile_p45,15522.698519736845,0.3043348789215088
ERCOT,BUCKTHRN_RN,oracle_lp,36821.273023372254,0.1865377426147461
ERCOT,BUFF_GAP_ALL,online_mpc_naive,2050.77269736025,6.866436004638672
ERCOT,BUFF_GAP_ALL,online_mpc_ridge,16736.60608618692,10.575225830078125
ERCOT,BUFF_GAP_ALL,online_quartile_p10,27197.82894736842,0.3112068176269531
ERCOT,BUFF_GAP_ALL,online_quartile_p25,24343.229605263157,0.31066393852233887
ERCOT,BUFF_GAP_ALL,online_quartile_p45,25049.85394736842,0.3057866096496582
ERCOT,BUFF_GAP_ALL,oracle_lp,38234.053781599505,0.19622206687927246
ERCOT,BULLCRK_1_2,online_mpc_naive,2094.970394731,6.5313732624053955
ERCOT,BULLCRK_1_2,online_mpc_ridge,19517.126482295214,10.345919132232666
ERCOT,BULLCRK_1_2,online_quartile_p10,24735.14259868421,0.3107340335845947
ERCOT,BULLCRK_1_2,online_quartile_p25,21849.088815789473,0.31175684928894043
ERCOT,BULLCRK_1_2,online_quartile_p45,22350.743092105262,0.31023383140563965
ERCOT,BULLCRK_1_2,oracle_lp,47419.4034522845,0.16592764854431152
NYISO,CAPITL,online_mpc_naive,2496.6875,1.6306090354919434
NYISO,CAPITL,online_mpc_ridge,5249.897533494197,2.84763503074646
NYISO,CAPITL,online_quartile_p10,6836.039473684211,0.09181404113769531
NYISO,CAPITL,online_quartile_p25,5243.583223684211,0.08295798301696777
NYISO,CAPITL,online_quartile_p45,4620.4394736842105,0.0834805965423584
NYISO,CAPITL,oracle_lp,10776.187500736749,0.05270099639892578
NYISO,CENTRL,online_mpc_naive,2372.75,1.5889582633972168
NYISO,CENTRL,online_mpc_ridge,3827.7261525105,2.8231201171875
NYISO,CENTRL,online_quartile_p10,6052.957236842105,0.09803652763366699
NYISO,CENTRL,online_quartile_p25,4789.932236842105,0.09303736686706543
NYISO,CENTRL,online_quartile_p45,4078.1654605263157,0.09433889389038086
NYISO,CENTRL,oracle_lp,8561.74194256475,0.05722498893737793
NYISO,DUNWOD,online_mpc_naive,2518.5,1.629889965057373
NYISO,DUNWOD,online_mpc_ridge,4758.5078940505,2.92085599899292
NYISO,DUNWOD,online_quartile_p10,6897.082236842105,0.12628984451293945
NYISO,DUNWOD,online_quartile_p25,5315.569736842105,0.10401225090026855
NYISO,DUNWOD,online_quartile_p45,4793.510361842105,0.0738077163696289
NYISO,DUNWOD,oracle_lp,10751.416283565251,0.058919668197631836
NYISO,GENESE,online_mpc_naive,2301.3125,1.5873162746429443
NYISO,GENESE,online_mpc_ridge,3597.0189142681575,2.794701099395752
NYISO,GENESE,online_quartile_p10,5764.578947368421,0.10626339912414551
NYISO,GENESE,online_quartile_p25,4326.807072368421,0.10416722297668457
NYISO,GENESE,online_quartile_p45,3881.968092105263,0.09935903549194336
NYISO,GENESE,oracle_lp,8063.192927820501,0.0330507755279541
NYISO,H Q,online_mpc_naive,2388.6875,1.6115198135375977
NYISO,H Q,online_mpc_ridge,3623.1037829325,2.7146482467651367
NYISO,H Q,online_quartile_p10,5990.848684210527,0.1017615795135498
NYISO,H Q,online_quartile_p25,4707.686184210526,0.09985160827636719
NYISO,H Q,online_quartile_p45,3981.7236842105262,0.0864565372467041
NYISO,H Q,oracle_lp,8333.828947841,0.039407968521118164
NYISO,HUD VL,online_mpc_naive,2496.875,1.5981485843658447
NYISO,HUD VL,online_mpc_ridge,4638.911183529999,2.852444887161255
NYISO,HUD VL,online_quartile_p10,6757.138157894737,0.09743499755859375
NYISO,HUD VL,online_quartile_p25,5277.906907894737,0.0959632396697998
NYISO,HUD VL,online_quartile_p45,4695.4475328947365,0.08529067039489746
NYISO,HUD VL,oracle_lp,10526.6537835525,0.035790443420410156
NYISO,LONGIL,online_mpc_naive,2632.875,1.6141414642333984
NYISO,LONGIL,online_mpc_ridge,6310.142270593973,2.837730646133423
NYISO,LONGIL,online_quartile_p10,9072.16447368421,0.09557271003723145
NYISO,LONGIL,online_quartile_p25,6065.53947368421,0.08611822128295898
NYISO,LONGIL,online_quartile_p45,6102.808223684211,0.08580327033996582
NYISO,LONGIL,oracle_lp,12524.16447464425,0.03854727745056152
NYISO,MHK VL,online_mpc_naive,2478.5,1.5769543647766113
NYISO,MHK VL,online_mpc_ridge,3980.465954244421,2.6964948177337646
NYISO,MHK VL,online_quartile_p10,6403.023026315789,0.10328221321105957
NYISO,MHK VL,online_quartile_p25,4981.316776315789,0.09244203567504883
NYISO,MHK VL,online_quartile_p45,4384.32105263158,0.0978701114654541
NYISO,MHK VL,oracle_lp,9240.558882336001,0.054746150970458984
NYISO,MILLWD,online_mpc_naive,2512.625,1.5919809341430664
NYISO,MILLWD,online_mpc_ridge,4738.242597998,2.872195243835449
NYISO,MILLWD,online_quartile_p10,6863.217105263158,0.12162089347839355
NYISO,MILLWD,online_quartile_p25,5278.679605263158,0.12529301643371582
NYISO,MILLWD,online_quartile_p45,4763.323355263158,0.08043336868286133
NYISO,MILLWD,oracle_lp,10701.03536250825,0.04288983345031738
NYISO,N.Y.C.,online_mpc_naive,2524.3125,1.602187156677246
NYISO,N.Y.C.,online_mpc_ridge,5537.396053159895,2.8434836864471436
NYISO,N.Y.C.,online_quartile_p10,7415.5098684210525,0.08838367462158203
NYISO,N.Y.C.,online_quartile_p25,5627.7598684210525,0.08624887466430664
NYISO,N.Y.C.,online_quartile_p45,4858.2129934210525,0.08441019058227539
NYISO,N.Y.C.,oracle_lp,12272.359376028,0.04618120193481445
NYISO,NORTH,online_mpc_naive,2441.5625,1.6623954772949219
NYISO,NORTH,online_mpc_ridge,3629.2848684342107,2.8738555908203125
NYISO,NORTH,online_quartile_p10,6038.424342105263,0.09588861465454102
NYISO,NORTH,online_quartile_p25,4581.299342105263,0.08157849311828613
NYISO,NORTH,online_quartile_p45,4056.7055921052633,0.08026933670043945
NYISO,NORTH,oracle_lp,8420.164803499,0.05208420753479004
NYISO,NPX,online_mpc_naive,2590.625,1.6259279251098633
NYISO,NPX,online_mpc_ridge,5102.640460604789,2.840728521347046
NYISO,NPX,online_quartile_p10,7690.026315789473,0.1129148006439209
NYISO,NPX,online_quartile_p25,5271.713815789473,0.08487462997436523
NYISO,NPX,online_quartile_p45,4857.3888157894735,0.08336281776428223
NYISO,NPX,oracle_lp,11677.624342974,0.0460820198059082
NYISO,O H,online_mpc_naive,2230.0,1.5988409519195557
NYISO,O H,online_mpc_ridge,3226.6866780427636,2.808596611022949
NYISO,O H,online_quartile_p10,5450.3651315789475,0.08816647529602051
NYISO,O H,online_quartile_p25,4137.308881578947,0.0854647159576416
NYISO,O H,online_quartile_p45,3584.6855263157895,0.08258962631225586
NYISO,O H,oracle_lp,7410.184542206,0.04250192642211914
NYISO,PJM,online_mpc_naive,2252.9375,1.5980854034423828
NYISO,PJM,online_mpc_ridge,4505.1625003865,2.8120155334472656
NYISO,PJM,online_quartile_p10,5998.690789473684,0.10510563850402832
NYISO,PJM,online_quartile_p25,4534.878289473684,0.09223389625549316
NYISO,PJM,online_quartile_p45,3695.384539473684,0.07940506935119629
NYISO,PJM,oracle_lp,8850.2259877215,0.04521989822387695
NYISO,WEST,online_mpc_naive,2293.75,1.696650743484497
NYISO,WEST,online_mpc_ridge,3393.0149673836845,2.8450729846954346
NYISO,WEST,online_quartile_p10,5614.118421052632,0.07728886604309082
NYISO,WEST,online_quartile_p25,4199.1151315789475,0.07450556755065918
NYISO,WEST,online_quartile_p45,3702.2809210526316,0.07301449775695801
NYISO,WEST,oracle_lp,7696.310362644001,0.04725766181945801
